"","% Surveyed","% Visited","% Viewed","% Missed","# Observations","Shortest Dist [m]"
"1",26.1089987325729,3.46430080270384,22.644697929869,73.8910012674271,2,1.4142135623731
