"","% Surveyed","% Visited","% Viewed","% Missed","# Observations","Shortest Dist [m]"
"1",38.8661546210023,11.0394107277764,27.8267438932259,61.1338453789977,30,5
