"","% Surveyed","% Visited","% Viewed","% Missed","# Observations","Shortest Dist [m]"
"1",68.885688189419,21.9085927070892,46.9770954823298,31.1143118105811,88,3.16227766016838
