"","% Surveyed","% Visited","% Viewed","% Missed","# Observations","Shortest Dist [m]"
"1",84.928664072633,20.6614785992218,64.2671854734112,15.0713359273671,113,2.23606797749979
