"","% Surveyed","% Visited","% Viewed","% Missed","# Observations","Shortest Dist [m]"
"1",46.1487058404241,12.1218871118635,34.0268187285606,53.8512941595759,2894,1
