"","% Surveyed","% Visited","% Viewed","% Missed","# Observations","Shortest Dist [m]"
"1",38.8661546210023,11.036262906069,27.8298917149333,61.1338453789977,6,9.4339811320566
