"","% Surveyed","% Visited","% Viewed","% Missed","# Observations","Shortest Dist [m]"
"1",82.6610790990047,27.1520866072988,55.508992491706,17.3389209009953,1,2.23606797749979
