"","% Surveyed","% Visited","% Viewed","% Missed","# Observations","Shortest Dist [m]"
"1",55.8170301475305,13.4220654265555,42.394964720975,44.1829698524695,2,3.60555127546399
