"","% Surveyed","% Visited","% Viewed","% Missed","# Observations","Shortest Dist [m]"
"1",55.8290570878768,13.4461193072482,42.3829377806286,44.1709429121232,18,1.4142135623731
