"","% Surveyed","% Visited","% Viewed","% Missed","# Observations","Shortest Dist [m]"
"1",93.1227807886377,35.563446084844,57.5593347037937,6.87721921136236,48,2.23606797749979
