"","% Surveyed","% Visited","% Viewed","% Missed","# Observations","Shortest Dist [m]"
"1",69.9556119213697,24.3436905516804,45.6119213696893,30.0443880786303,195,3.60555127546399
